{"document":{"pageListHeight":85,"pageListCollapsed":0,"componentSidebarTreeStructure":1,"expandedSymbolPathsInSidebar":["\/76460680-6136-411A-85D0-DB465FEDC442:Apple macOS UI:4","\/0BFC7DF5-29F6-4F02-81D8-964FB43FEC8B:mobgen-interactionflow-kit-1.2:4","\/DECF7FAE-3F10-4B83-B4E9-64384707C9BB\/symbols\/0.图标","\/F6EDE74D-B7C8-4FA9-A04E-D7122C402B90:mio-design%2Fassets%2F1__l5pBodK3nULajGCU3B_3N30wLskEkm%2Fmaterialdesigntypescale:1","\/A62BE322-228E-4806-9B08-24C82A0B5B6A\/symbols\/1.Element DM","\/DECF7FAE-3F10-4B83-B4E9-64384707C9BB\/symbols\/2.导航栏","\/A62BE322-228E-4806-9B08-24C82A0B5B6A\/symbols\/6.Table","\/A62BE322-228E-4806-9B08-24C82A0B5B6A\/symbols\/8.ActionShee DM","\/A62BE322-228E-4806-9B08-24C82A0B5B6A\/symbols\/8.ActionSheet","\/A62BE322-228E-4806-9B08-24C82A0B5B6A\/symbols\/2.Toast DM","\/DECF7FAE-3F10-4B83-B4E9-64384707C9BB\/symbols\/6.半屏弹窗","\/DECF7FAE-3F10-4B83-B4E9-64384707C9BB\/symbols\/8.弹窗","\/A62BE322-228E-4806-9B08-24C82A0B5B6A\/symbols\/3.Button","\/F55B8C55-90F8-4303-99AA-167FDD09C007:iOS UI Design:1","\/DECF7FAE-3F10-4B83-B4E9-64384707C9BB\/symbols\/5.底部Bar","\/A62BE322-228E-4806-9B08-24C82A0B5B6A\/symbols\/7.Half-screen Dialog","\/DECF7FAE-3F10-4B83-B4E9-64384707C9BB\/symbols\/1.状态栏","\/DECF7FAE-3F10-4B83-B4E9-64384707C9BB\/symbols\/7.Actionsheet","\/A62BE322-228E-4806-9B08-24C82A0B5B6A\/symbols\/2.Toast","\/A62BE322-228E-4806-9B08-24C82A0B5B6A\/symbols\/4.Navigation Bar DM","\/DECF7FAE-3F10-4B83-B4E9-64384707C9BB\/symbols\/3.搜索栏","\/29CFB958-0B44-4EB7-ACB5-BA6CDE682555:Elements UI Kit:4","\/A62BE322-228E-4806-9B08-24C82A0B5B6A\/symbols\/8.ActionSheet DM","\/8178E4A1-8556-4C6E-AF6C-ABA231136F92:Apple watchOS UI:4","\/A62BE322-228E-4806-9B08-24C82A0B5B6A\/symbols\/5.Dialog","\/3CB5173E-F7B9-4CCE-A7E1-A967B75820F4:未命名:1","\/DECF7FAE-3F10-4B83-B4E9-64384707C9BB\/symbols\/9.元素","\/DECF7FAE-3F10-4B83-B4E9-64384707C9BB:未命名:1","\/7C426DA5-9BA2-4A83-82ED-A17897A3F7B8:material-design-stickersheet:1","\/A62BE322-228E-4806-9B08-24C82A0B5B6A\/symbols\/1.Element","\/A62BE322-228E-4806-9B08-24C82A0B5B6A\/symbols\/4.Navigation Bar","\/DF94BFE1-65E9-4202-9D56-D15B2A15667B:Open:1","\/A62BE322-228E-4806-9B08-24C82A0B5B6A\/symbols\/6.Table DM","\/DECF7FAE-3F10-4B83-B4E9-64384707C9BB\/symbols\/4.列表"],"expandedLayerStylePathsInPopover":[],"libraryListCollapsed":0},"0C8684E1-89DE-44E2-BFC3-946D8987599C":{"scrollOrigin":"{299, 438}","zoomValue":0.2095362697480082},"D85FD111-3448-4800-854B-E4E04BBE4A9C":{"scrollOrigin":"{288, 266}","zoomValue":0.2351311618710695},"SMConfigs2":"{\"scale\":\"1\",\"unit\":\"pt\",\"colorFormat\":\"color-hex\",\"timestamp\":1585123525215,\"exportOption\":true,\"exportInfluenceRect\":false,\"order\":\"positive\"}","5CB56164-378E-4C55-AEC7-5719370B2346":{"scrollOrigin":"{1297, -213}","zoomValue":0.4569784644244497}}